{
  "data_dir": "/home/ailab/2026_summer_intern/dm/smalldiffusion/src/experiments/data/real_n2000_seed0",
  "dataset": "real_n2000_seed0",
  "seed": 0,
  "kind": "real",
  "cfg_scale": null,
  "n_per_class": 2000,
  "gen_seed": 0,
  "epochs": 5,
  "accuracy": 0.986,
  "per_class": [
    0.9938775300979614,
    0.992951512336731,
    0.9883720874786377,
    0.987128734588623,
    0.9847250580787659,
    0.9910314083099365,
    0.9853861927986145,
    0.9795719981193542,
    0.9845995903015137,
    0.9722497463226318
  ],
  "confusion": [
    [
      974,
      0,
      0,
      0,
      0,
      0,
      3,
      1,
      2,
      0
    ],
    [
      0,
      1127,
      1,
      2,
      0,
      1,
      2,
      0,
      2,
      0
    ],
    [
      3,
      1,
      1020,
      0,
      2,
      0,
      1,
      2,
      3,
      0
    ],
    [
      0,
      0,
      2,
      997,
      0,
      7,
      0,
      3,
      1,
      0
    ],
    [
      0,
      0,
      1,
      0,
      967,
      0,
      4,
      0,
      3,
      7
    ],
    [
      1,
      0,
      0,
      2,
      0,
      884,
      3,
      0,
      2,
      0
    ],
    [
      3,
      2,
      1,
      0,
      3,
      5,
      944,
      0,
      0,
      0
    ],
    [
      1,
      2,
      9,
      3,
      1,
      0,
      0,
      1007,
      2,
      3
    ],
    [
      3,
      0,
      2,
      2,
      1,
      1,
      1,
      2,
      959,
      3
    ],
    [
      4,
      3,
      0,
      2,
      4,
      5,
      0,
      5,
      5,
      981
    ]
  ]
}